project;number of commits;number of authors;max time;min time;LongestGapStart;LongestGapEnd;LongestGapLength;NumCommitsAfterLastGap;NumberOfGapsInTimeline;number of stars;number of forks;last commit date;ActivityPattern;BeforeThemes;AfterThemes;HypothesizedGapReason;HasRecovered;WhyRecovered;WhoRecovered;Currentstatus;RecentThemes;Notes
mucollective_multidy;120;15;2025-10-08 20:48:42;2019-06-10 14:19:20;2023-04;2024-06;15;11;3;67;5;2026-09-11;declining;Feature development:Bug fixes;Documentation updates:Bug fixes;"Unknown; development stopped after code fixes and parallel execution updates.";Yes;Development resumed with documentation updates, compatibility fixes, and maintenance.;Abhraneel Sarma returned, along with contributions from Michael Truong and Hadley Wickham.;Active;Documentation updates:Bug fixes;The project had a 15-month inactivity gap from April 2023 to June 2024. The exact reason is unclear, but commits afterward show documentation updates and compatibility fixes. Abhraneel Sarma returned, along with other contributors, suggesting that maintenance resumed.
askurz_doing-bayesian-data-analysis-in-brms-and-the-tidyverse;258;7;2025-04-15 14:27:35;2018-07-30 23:54:19;2023-02;2024-03;14;18;7;154;43;2026-01-04;irregular;Documentation updates:Other;Documentation updates:Feature development;"Unknown; activity stopped after bookdown and formatting updates.";Yes;Solomon Kurz resumed work, including switching the project from bookdown to Quarto.;Solomon Kurz continued contributing after the gap.;Active;Documentation updates:Other;The project had a 14-month gap from February 2023 to March 2024. The reason for the pause is unclear, but Solomon Kurz returned and migrated the project from bookdown to Quarto. This suggests the project resumed with a focus on updating its publishing tools.
esmvalgroup_esmvaltool;10353;295;2026-04-17 11:04:12;2017-01-26 14:15:37;;;0;0;0;276;153;2026-09-22;irregular;N/A;N/A;N/A active Project;N/A;N/A - no inactivity gap.;N/A - no inactivity gap.;Active;Bug fixes:Other;The project had no months without commits during the period analyzed. Its activity remained continuous, although the number of commits varied over time. This suggests ongoing development rather than abandonment and recovery.
rtiinternational_smart;540;33;2025-02-01 06:42:54;2017-05-18 17:39:52;2019-07;2019-11;5;311;3;232;31;2024-12-02;irregular;Documentation updates:Bug fixes;Bug fixes:Feature development;"Unknown; the gap followed documentation, Docker, and setup updates.";Yes;Development resumed with frontend changes, build fixes, and dependency updates.;wengerm50 returned, with contributions from Caroline Kery and Dependabot.;Inactive;Other:Bug fixes;The project had a five-month inactivity gap from July to November 2019. The reason for the gap is unknown, but development resumed with frontend improvements, build fixes, and dependency updates. Returning and additional contributors participated in the resumed work.
jannisborn_covid_detector;140;18;2024-07-09 17:56:57;2020-03-28 15:17:49;2022-05;2023-08;16;6;3;174;81;2025-04-18;declining;Documentation updates:Dependency updates;Documentation updates:Other;"Unknown; the gap followed documentation and dataset maintenance.";Limited;A small number of commits resumed, mainly documentation and repository maintenance.;Jannis Born returned, with contributions from lingyigt.;Inactive;Documentation updates:Other;The project had a 16-month gap from May 2022 to August 2023. Only six commits followed the gap in the dataset, mostly involving documentation and maintenance. Jannis Born returned, but the limited activity suggests only a partial recovery.
overlordgolddragon_ssqueezepy;127;6;2025-08-02 02:30:27;2020-06-12 11:31:59;2024-12;2025-07;8;5;7;805;106;2025-08-23;declining;Bug fixes:Dependency updates;Feature development:Documentation updates;"Unknown; activity paused after bug fixes and dependency maintenance.";Limited;The original maintainer returned for a few updates involving functionality and documentation.;John Muradeli continued contributing after the gap.;Active;Feature development:Documentation updates;The project had an eight-month gap from December 2024 to July 2025. John Muradeli returned afterward and made a small number of updates to functionality, dependencies, and documentation. Because only five commits followed the gap, the recovery appears limited.
rust-bio_rust-bio;770;120;2025-11-03 04:04:38;2015-01-16 16:43:41;2023-02;2023-04;3;112;2;1800;221;2026-09-16;irregular;Bug fixes:Documentation updates;Release:Feature development;"Unknown; the gap followed fixes, documentation, and a release.";Yes;Development resumed with new features, bug fixes, and releases.;minindu0 returned, alongside several other contributors including Johannes Koster and David Laehnemann.;Active;Feature development:Release;The project had a three-month inactivity gap from February to April 2023. Development resumed with new features, fixes, and releases involving both returning and additional contributors. The continued activity suggests that the gap was temporary.
ccsb-scripps_autodock-gpu;370;25;2025-01-30 22:41:15;2017-06-13 17:36:32;2019-07;2020-02;8;251;4;615;151;2026-08-11;irregular;Documentation updates:Feature development;Feature development:Bug fixes;"Unknown; the gap followed documentation updates and GPU-related improvements.";Yes;Development resumed with code porting, GPU development, and licensing changes.;Leonardo Solis V returned, with contributions from Aaron Scheinberg.;Inactive;Bug fixes:Feature development;The project had an eight-month gap from July 2019 to February 2020. Development resumed with GPU-related code changes, porting work, and licensing updates. Leonardo Solis V returned alongside another contributor, suggesting a renewed development effort.
ebivariation_eva-tools;310;29;2025-05-04 06:51:23;2015-11-02 13:59:17;2018-04;2018-09;6;101;10;1;13;2026-07-24;declining;Feature development:Bug fixes;Bug fixes:Other;"Unknown; the gap followed refactoring, bug fixes, and version updates.";Yes;Development resumed with bug fixes, code cleanup, and new functionality.;Post-gap commits involved contributors including Hritik Gupta, Andres Silva, and Amila Silva.;Active;Other:Feature development;The project had a six-month gap from April to September 2018. Afterward, contributors made bug fixes, cleanup changes, and functional improvements. The project later continued receiving commits, suggesting that development recovered.
opendatacube_datacube-alchemist;280;25;2025-11-03 17:06:22;2019-08-07 06:31:12;2024-05;2024-09;5;55;6;22;6;2026-09-28;irregular;Automated bot contributions:Dependency updates;Automated bot contributions:Bug fixes;"Unknown; the gap followed automated dependency and CI updates.";Yes;Activity resumed through automated updates and human maintenance of CI and dependencies.;Dependabot and pre-commit.ci continued contributing, alongside Peter Jonsson and Paul Haesler.;Active;Automated bot contributions:Dependency updates;The project had a five-month gap from May to September 2024. Activity resumed through automated dependency updates and human maintenance work. The continued presence of bots and human contributors suggests that development resumed, although much of the activity involved maintenance.
